Stock,Country,Gear Type,1950,S_1950,1951,S_1951,1952,S_1952,1953,S_1953,1954,S_1954,1955,S_1955,1956,S_1956,1957,S_1957,1958,S_1958,1959,S_1959,1960,S_1960,1961,S_1961,1962,S_1962,1963,S_1963,1964,S_1964,1965,S_1965,1966,S_1966,1967,S_1967,1968,S_1968,1969,S_1969,1970,S_1970,1971,S_1971,1972,S_1972,1973,S_1973,1974,S_1974,1975,S_1975,1976,S_1976,1977,S_1977,1978,S_1978,1979,S_1979,1980,S_1980,1981,S_1981,1982,S_1982,1983,S_1983,1984,S_1984,1985,S_1985,1986,S_1986,1987,S_1987,1988,S_1988,1989,S_1989,1990,S_1990,1991,S_1991,1992,S_1992,1993,S_1993,1994,S_1994,1995,S_1995,1996,S_1996,1997,S_1997,1998,S_1998,1999,S_1999,2000,S_2000,2001,S_2001,2002,S_2002,2003,S_2003,2004,S_2004,2005,S_2005,2006,S_2006,2007,S_2007,2008,S_2008,2009,S_2009,2010,S_2010
Albacore in the North Pacific,-,Gear not known,0,-,0,-,0,-,0,-,0,-,0,-,0,-,0,-,0,-,0,-,0,-,0,-,0,-,0,-,0,-,0,-,0,-,0,-,0,-,0,-,0,-,0,-,0,-,0,-,0,-,0,-,0,-,0,-,0,-,0,-,0,-,0,-,0,-,0,-,0,-,0,-,0,-,0,-,0,-,0,-,0,-,0,-,0,-,0,-,79,,41,,0,-,8,,192,,16,,66,,48,,27,,291,,107,,71,,205,,72,,0,-,0,-,0,-
Albacore in the North Pacific,-,Mechanized lines and pole-and-lines,0,-,0,-,0,-,0,-,0,-,0,-,0,-,0,-,0,-,0,-,0,-,0,-,0,-,0,-,0,-,0,-,1922,,0,-,0,-,0,-,0,-,0,-,0,-,0,-,0,-,0,-,0,-,0,-,0,-,0,-,0,-,0,-,0,-,0,-,0,-,0,-,0,-,0,-,0,-,0,-,0,-,0,-,0,-,0,-,0,-,0,-,0,-,0,-,0,-,204,,57,,0,-,0,-,0,-,0,-,0,-,0,-,21,,1050,,2218,,1874,
Albacore in the North Pacific,-,Purse seines,0,-,0,-,0,-,0,-,0,-,0,-,0,-,0,-,0,-,0,-,0,-,0,-,20,,0,-,0,-,0,-,0,-,0,-,0,-,0,-,0,-,0,-,0,-,0,-,0,-,0,-,0,-,0,-,0,-,0,-,189,,0,-,0,-,0,-,0,-,0,-,0,-,0,-,0,-,0,-,0,-,0,-,0,-,0,-,0,-,0,-,0,-,0,-,0,-,0,-,0,-,0,-,0,-,2,,0,-,2,,0,-,147,,39,,39,,0,-
Albacore in the North Pacific,Americas,Gear not known,0,-,0,-,0,-,0,-,0,-,0,-,0,-,0,-,0,-,0,-,0,-,0,-,21,,0,-,0,-,0,-,0,-,0,-,0,-,49,,37,,168,,49,,92,,169,,205,,353,,960,,2,,14,,60,,35,,2,,2,,24,,170,,149,,3,,0,-,90,,306,,170,,18,,19,,22,,15,,21,,0,-,0,-,7,,3,,5,,40,,1,,0,-,7,,5,,0,-,0,-,0,-,0,-
Albacore in the North Pacific,Americas,Longlines (nei),0,-,0,-,0,-,0,-,0,-,0,-,0,-,0,-,0,-,0,-,0,-,0,-,0,-,0,-,0,-,0,-,0,-,0,-,0,-,0,-,0,-,0,-,0,-,0,-,0,-,0,-,0,-,0,-,0,-,0,-,0,-,0,-,0,-,0,-,0,-,0,-,0,-,0,-,0,-,0,-,0,-,0,-,0,-,0,-,0,-,0,-,0,-,0,-,0,-,0,-,5,,4882,,451,,600,,447,,137,,118,,1,,2,,0,-,0,-
Albacore in the North Pacific,Americas,Mechanized lines and pole-and-lines,0,-,0,-,0,-,0,-,0,-,0,-,0,-,0,-,0,-,0,-,0,-,0,-,0,-,0,-,0,-,0,-,0,-,0,-,0,-,0,-,0,-,5,,0,-,0,-,0,-,0,-,0,-,0,-,0,-,0,-,0,-,0,-,0,-,0,-,0,-,0,-,0,-,0,-,0,-,0,-,0,-,0,-,0,-,0,-,0,-,0,-,0,-,0,-,0,-,0,-,0,-,0,-,0,-,0,-,0,-,0,-,0,-,0,-,0,-,0,-,0,-
Albacore in the North Pacific,Americas,Purse seines,0,-,0,-,0,-,0,-,0,-,0,-,0,-,0,-,0,-,0,-,0,-,0,-,0,-,0,-,0,-,0,-,0,-,0,-,0,-,0,-,47,,0,-,8,,0,-,0,-,0,-,13,,0,-,0,-,0,-,0,-,0,-,0,-,0,-,0,-,0,-,0,-,0,-,0,-,0,-,0,-,0,-,0,-,0,-,0,-,0,-,0,-,0,-,0,-,0,-,0,-,0,-,0,-,0,-,0,-,0,-,0,-,0,-,0,-,3,,0,-
Albacore in the North Pacific,Asia,Longlines (nei),0,-,0,-,0,-,0,-,0,-,0,-,0,-,0,-,0,-,0,-,0,-,0,-,0,-,0,-,0,-,0,-,0,-,0,-,0,-,0,-,0,-,0,-,0,-,0,-,0,-,0,-,0,-,0,-,0,-,0,-,0,-,0,-,0,-,0,-,0,-,0,-,0,-,0,-,0,-,0,-,0,-,0,-,0,-,0,-,0,-,0,-,0,-,0,-,0,-,0,-,0,-,1581,,1327,,1743,,590,,895,,14,,76,,136,,0,-,641,
Albacore in the North Pacific,Europe,Longlines (nei),0,-,0,-,0,-,0,-,0,-,0,-,0,-,0,-,0,-,0,-,0,-,0,-,0,-,0,-,0,-,0,-,0,-,0,-,0,-,0,-,0,-,0,-,0,-,0,-,0,-,0,-,0,-,0,-,0,-,0,-,0,-,0,-,0,-,0,-,0,-,0,-,0,-,0,-,0,-,0,-,0,-,0,-,0,-,0,-,0,-,0,-,0,-,0,-,0,-,0,-,0,-,0,-,0,-,0,-,0,-,0,-,0,-,0,-,0,-,0,-,20,
Albacore in the North Pacific,Europe,Purse seines,0,-,0,-,0,-,0,-,0,-,0,-,0,-,0,-,0,-,0,-,0,-,0,-,0,-,0,-,0,-,0,-,0,-,0,-,0,-,0,-,0,-,0,-,0,-,0,-,0,-,0,-,0,-,0,-,1,,0,-,0,-,0,-,0,-,0,-,0,-,0,-,0,-,0,-,0,-,0,-,0,-,0,-,0,-,0,-,0,-,0,-,0,-,0,-,0,-,0,-,0,-,0,-,0,-,0,-,0,-,0,-,0,-,0,-,0,-,0,-,0,-
Albacore in the North Pacific,Oceania,Gear not known,0,-,0,-,0,-,0,-,0,-,0,-,0,-,0,-,0,-,0,-,0,-,0,-,0,-,0,-,0,-,0,-,0,-,0,-,0,-,0,-,0,-,0,-,0,-,0,-,0,-,0,-,0,-,0,-,0,-,0,-,0,-,0,-,0,-,0,-,0,-,0,-,0,-,0,-,0,-,0,-,0,-,0,-,0,-,0,-,0,-,0,-,0,-,0,-,0,-,0,-,0,-,0,-,0,-,0,-,0,-,0,-,114,,87,,159,,210,,246,
Albacore in the North Pacific,Oceania,Longlines (nei),0,-,0,-,0,-,0,-,0,-,0,-,0,-,0,-,0,-,0,-,0,-,0,-,0,-,0,-,0,-,0,-,0,-,0,-,0,-,0,-,0,-,0,-,0,-,0,-,0,-,0,-,0,-,0,-,0,-,0,-,0,-,0,-,0,-,0,-,0,-,0,-,0,-,0,-,0,-,0,-,0,-,0,-,24,,34,,257,,261,,553,,1376,,2089,,574,,2959,,3836,,3447,,7366,,4356,,1751,,3961,,4145,,2631,,2950,,2508,
Albacore in the South Pacific,-,Longlines (nei),0,-,0,-,0,-,0,-,0,-,0,-,0,-,0,-,0,-,0,-,0,-,0,-,0,-,0,-,0,-,0,-,0,-,0,-,0,-,0,-,0,-,0,-,0,-,0,-,0,-,0,-,0,-,0,-,0,-,0,-,0,-,0,-,0,-,0,-,0,-,0,-,0,-,0,-,0,-,0,-,0,-,0,-,0,-,0,-,0,-,0,-,1735,,2824,,5871,,6307,,3654,,1471,,700,,2400,,2400,,2400,,2400,,2400,,2400,,2400,,2400,
Albacore in the South Pacific,-,Trolling lines,0,-,0,-,0,-,0,-,0,-,0,-,0,-,0,-,0,-,0,-,0,-,0,-,0,-,0,-,0,-,0,-,0,-,0,-,0,-,0,-,0,-,0,-,0,-,0,-,0,-,0,-,0,-,0,-,0,-,0,-,0,-,0,-,0,-,0,-,0,-,0,-,0,-,0,-,0,-,0,-,0,-,0,-,0,-,0,-,158,,137,,505,,404,,286,,261,,490,,127,,127,,127,,127,,127,,127,,127,,127,,127,,127,
Albacore in the South Pacific,Americas,Gear not known,0,-,0,-,1373,,171,,147,,577,,482,,304,,48,,0,-,557,,1356,,1682,,1161,,824,,731,,589,,707,,951,,358,,822,,1175,,737,,84,,95,,651,,753,,537,,826,,75,,199,,203,,285,,120,,1540,,1227,,202,,86,,104,,189,,59,,96,,84,,36,,363,,159,,192,,1132,,1298,,3794,,2284,,1747,,2387,,2274,,1631,,1846,,455,,456,,453,,455,,455,
Albacore in the South Pacific,Americas,Longlines (nei),27,,24,,46,,23,,13,,9,,6,,4,,7,,5,,4,,5,,7,,7,,4,,3,,8,,12,,11,,14,,9,,11,,8,,14,,9,,33,,23,,37,,54,,0,-,0,-,25,,94,,6,,2,,0,-,0,-,136,,319,,272,,182,,314,,332,,441,,548,,915,,1274,,1954,,1568,,1879,,1567,,4526,,6476,,4455,,2818,,3232,,4348,,5433,,3903,,4086,,4356,
Albacore in the South Pacific,Americas,Mechanized lines and pole-and-lines,0,-,0,-,0,-,0,-,0,-,0,-,0,-,0,-,0,-,0,-,0,-,2837,,1085,,2432,,3411,,417,,1600,,4113,,4906,,2996,,4416,,2071,,3750,,2236,,4777,,3243,,2700,,1497,,950,,303,,382,,748,,425,,607,,1030,,1498,,432,,158,,598,,54,,115,,0,-,0,-,0,-,0,-,80,,24,,73,,79,,60,,69,,139,,378,,59,,125,,66,,23,,21,,6,,2218,,6,
Albacore in the South Pacific,Americas,Purse seines,5835,,6577,,0,-,0,-,0,-,0,-,0,-,0,-,0,-,0,-,136,,0,-,0,-,0,-,0,-,0,-,0,-,0,-,0,-,0,-,0,-,0,-,0,-,0,-,0,-,0,-,0,-,0,-,0,-,0,-,0,-,0,-,0,-,0,-,3728,,0,-,0,-,0,-,0,-,0,-,71,,0,-,0,-,0,-,0,-,0,-,11,,2,,33,,48,,4,,51,,3,,3,,1,,2,,0,-,0,-,0,-,0,-,0,-
Albacore in the South Pacific,Americas,Trolling lines,32746,,15629,,23914,,15745,,12246,,13264,,18768,,21173,,14929,,21202,,20105,,12059,,19753,,25145,,18391,,16557,,15377,,17975,,21462,,20192,,21422,,22272,,27521,,17053,,21509,,19043,,16183,,10022,,16636,,7302,,7768,,12837,,6713,,9584,,9354,,6471,,4830,,3748,,8258,,5907,,7026,,7113,,8125,,7993,,15481,,11951,,22612,,18573,,20383,,14293,,16894,,18508,,16890,,22411,,22297,,13782,,19063,,18316,,16318,,16536,,16942,
Albacore in the South Pacific,Asia,Gear not known,0,-,0,-,237,,132,,38,,136,,57,,151,,124,,67,,76,,268,,191,,218,,319,,121,,585,,520,,1109,,959,,517,,359,,645,,569,,1128,,409,,1355,,1058,,6123,,4011,,4179,,11071,,13117,,7238,,11603,,14115,,11130,,11137,,22927,,39231,,31460,,9444,,12392,,1187,,1097,,389,,286,,534,,352,,441,,289,,230,,526,,280,,145,,485,,318,,300,,1647,,224,,224,
Albacore in the South Pacific,Asia,Longlines (nei),16713,,11384,,26841,,28580,,30536,,24902,,21622,,29810,,37095,,33681,,39628,,41227,,51062,,44727,,38479,,39678,,64253,,73761,,57509,,44014,,53995,,53501,,58148,,63717,,47077,,37363,,47438,,55657,,46678,,40879,,46582,,51531,,46414,,40715,,36205,,41602,,45396,,36301,,42633,,31159,,34062,,39422,,48393,,57897,,59759,,55866,,52839,,59964,,63855,,57370,,53234,,56381,,57004,,57011,,49134,,51458,,49725,,47301,,50292,,64128,,61014,
Albacore in the South Pacific,Asia,Mechanized lines and pole-and-lines,12863,,14500,,41787,,32921,,28069,,24236,,42810,,49500,,22175,,14252,,25201,,18639,,8729,,26436,,23858,,41491,,22830,,30481,,16597,,31912,,24263,,52957,,60591,,68808,,73576,,52157,,85336,,31934,,59877,,44662,,46743,,27426,,29615,,21098,,26015,,20714,,16096,,19091,,6216,,8629,,8532,,7103,,13888,,12809,,26391,,20981,,20272,,32250,,22953,,50469,,21572,,29448,,48465,,36121,,32359,,16150,,15406,,37768,,19060,,31263,,21757,
Albacore in the South Pacific,Asia,Purse seines,0,-,0,-,154,,38,,23,,8,,0,-,83,,8,,0,-,0,-,7,,53,,59,,128,,11,,111,,89,,267,,521,,317,,902,,277,,1353,,161,,159,,1109,,669,,1115,,125,,329,,252,,561,,350,,3380,,1533,,1542,,1205,,1208,,2521,,1995,,2652,,4104,,2889,,2026,,1177,,581,,1068,,1554,,6872,,2408,,974,,3303,,627,,7200,,850,,364,,5682,,826,,2088,,320,
Albacore in the South Pacific,Asia,Trolling lines,0,-,0,-,0,-,0,-,0,-,0,-,0,-,0,-,0,-,0,-,0,-,0,-,0,-,0,-,0,-,0,-,0,-,0,-,0,-,0,-,0,-,0,-,0,-,0,-,0,-,0,-,0,-,0,-,0,-,0,-,0,-,0,-,0,-,0,-,0,-,0,-,0,-,0,-,0,-,0,-,0,-,0,-,0,-,0,-,0,-,856,,815,,1585,,1190,,891,,645,,416,,787,,922,,772,,665,,460,,519,,549,,410,,410,
Albacore in the South Pacific,Oceania,Gear not known,0,-,0,-,0,-,0,-,0,-,0,-,0,-,0,-,0,-,0,-,0,-,0,-,0,-,0,-,0,-,0,-,0,-,0,-,0,-,0,-,0,-,0,-,0,-,0,-,0,-,0,-,0,-,0,-,0,-,0,-,0,-,5,,6,,7,,8,,9,,10,,11,,12,,13,,112,,95,,65,,70,,89,,104,,156,,133,,85,,74,,139,,199,,150,,130,,188,,215,,326,,60,,160,,211,,190,
Albacore in the South Pacific,Oceania,Longlines (nei),0,-,0,-,0,-,0,-,0,-,0,-,0,-,0,-,0,-,0,-,0,-,0,-,0,-,0,-,0,-,0,-,0,-,0,-,0,-,0,-,0,-,0,-,0,-,4,,0,-,0,-,6,,9,,9,,21,,25,,2,,114,,174,,266,,317,,385,,953,,937,,1843,,1732,,1698,,1858,,3034,,4636,,5499,,7351,,10726,,14547,,13120,,17479,,23385,,29769,,25379,,32719,,32948,,38100,,33470,,28210,,32053,,42858,
Albacore in the South Pacific,Oceania,Mechanized lines and pole-and-lines,0,-,0,-,0,-,0,-,0,-,0,-,0,-,0,-,0,-,0,-,0,-,0,-,0,-,0,-,0,-,0,-,0,-,0,-,0,-,0,-,100,,100,,100,,100,,100,,100,,100,,100,,100,,100,,100,,0,-,0,-,0,-,0,-,0,-,0,-,0,-,0,-,0,-,245,,14,,11,,62,,65,,139,,30,,9,,9,,38,,80,,19,,7,,5,,6,,12,,23,,17,,12,,21,,14,
Albacore in the South Pacific,Oceania,Trolling lines,0,-,0,-,0,-,0,-,0,-,0,-,0,-,0,-,0,-,0,-,0,-,0,-,0,-,0,-,0,-,0,-,0,-,5,,14,,0,-,50,,0,-,268,,484,,898,,646,,25,,621,,1686,,814,,1468,,2085,,2434,,744,,2773,,3253,,1911,,1256,,405,,4463,,2854,,2676,,3387,,3051,,4659,,5530,,5296,,2791,,4495,,1827,,3485,,2829,,3093,,4038,,3590,,2944,,2164,,1790,,3352,,1794,,1834,
Bigeye tuna Eastern Pacific,-,Gear not known,0,-,0,-,0,-,0,-,0,-,0,-,0,-,0,-,0,-,0,-,0,-,0,-,0,-,0,-,0,-,0,-,0,-,0,-,0,-,0,-,0,-,0,-,0,-,0,-,0,-,0,-,0,-,0,-,0,-,0,-,0,-,0,-,0,-,0,-,0,-,0,-,0,-,0,-,0,-,0,-,0,-,0,-,0,-,0,-,0,-,0,-,0,-,0,-,0,-,0,-,11,,3,,7,,18,,13,,0,-,0,-,0,-,0,-,0,-,0,-
Bigeye tuna Eastern Pacific,-,Longlines (nei),0,-,0,-,0,-,0,-,0,-,0,-,0,-,0,-,0,-,0,-,0,-,0,-,0,-,0,-,0,-,0,-,0,-,0,-,0,-,0,-,0,-,0,-,0,-,0,-,0,-,0,-,0,-,0,-,0,-,0,-,0,-,0,-,0,-,0,-,0,-,0,-,0,-,0,-,0,-,0,-,0,-,0,-,0,-,0,-,0,-,0,-,0,-,0,-,0,-,0,-,0,-,0,-,0,-,0,-,0,-,0,-,0,-,0,-,7,,0,-,0,-
Bigeye tuna Eastern Pacific,-,Mechanized lines and pole-and-lines,0,-,0,-,0,-,0,-,0,-,0,-,0,-,0,-,0,-,0,-,0,-,0,-,0,-,0,-,0,-,0,-,292,,0,-,0,-,0,-,0,-,0,-,0,-,0,-,0,-,0,-,0,-,0,-,0,-,0,-,0,-,0,-,0,-,0,-,0,-,0,-,0,-,0,-,0,-,0,-,0,-,0,-,0,-,0,-,0,-,0,-,0,-,0,-,0,-,0,-,0,-,0,-,0,-,0,-,0,-,0,-,0,-,0,-,0,-,0,-,0,-
Bigeye tuna Eastern Pacific,-,Purse seines,0,-,0,-,0,-,0,-,0,-,0,-,0,-,0,-,0,-,0,-,0,-,0,-,0,-,0,-,0,-,0,-,0,-,0,-,76,,10,,0,-,75,,0,-,32,,91,,0,-,255,,1566,,2331,,795,,3682,,490,,0,-,319,,138,,305,,300,,179,,261,,710,,381,,161,,850,,1250,,7472,,6452,,10440,,13347,,2246,,4011,,16446,,12933,,9340,,10390,,9314,,8449,,12354,,8780,,12266,,14657,,4672,
Bigeye tuna Eastern Pacific,Africa,Purse seines,0,-,0,-,0,-,0,-,0,-,0,-,0,-,0,-,0,-,0,-,0,-,0,-,0,-,0,-,0,-,0,-,0,-,0,-,0,-,0,-,0,-,0,-,0,-,0,-,0,-,0,-,183,,0,-,0,-,0,-,0,-,0,-,0,-,0,-,0,-,0,-,0,-,0,-,0,-,0,-,0,-,0,-,0,-,0,-,0,-,0,-,0,-,0,-,0,-,0,-,0,-,0,-,0,-,0,-,0,-,0,-,0,-,0,-,0,-,0,-,0,-
Bigeye tuna Eastern Pacific,Americas,Gear not known,0,-,0,-,0,-,0,-,0,-,0,-,0,-,0,-,0,-,0,-,0,-,0,-,0,-,0,-,0,-,0,-,0,-,0,-,0,-,0,-,0,-,18,,0,-,0,-,0,-,0,-,7,,0,-,0,-,1,,130,,6,,4,,37,,11,,14,,74,,48,,15,,0,-,58,,24,,13,,35,,806,,1368,,747,,20,,628,,538,,253,,19,,12,,21,,194,,24,,40,,44,,28,,15,,2,
Bigeye tuna Eastern Pacific,Americas,Longlines (nei),0,-,0,-,0,-,0,-,0,-,0,-,0,-,0,-,0,-,0,-,0,-,0,-,0,-,0,-,0,-,0,-,0,-,0,-,0,-,0,-,0,-,0,-,0,-,0,-,0,-,0,-,0,-,0,-,0,-,0,-,0,-,0,-,0,-,0,-,0,-,0,-,0,-,1,,1,,0,-,0,-,10,,101,,80,,10,,87,,82,,127,,219,,253,,245,,2243,,1616,,854,,659,,740,,335,,525,,1742,,1543,,1791,
Bigeye tuna Eastern Pacific,Americas,Mechanized lines and pole-and-lines,0,-,0,-,0,-,0,-,0,-,0,-,0,-,0,-,0,-,0,-,0,-,106,,318,,139,,127,,231,,0,-,1305,,115,,0,-,0,-,75,,126,,236,,0,-,36,,75,,2,,0,-,0,-,0,-,0,-,42,,39,,2,,2,,0,-,0,-,5,,0,-,0,-,31,,0,-,0,-,0,-,0,-,0,-,0,-,0,-,0,-,0,-,0,-,0,-,0,-,0,-,0,-,0,-,0,-,0,-,0,-,0,-
Bigeye tuna Eastern Pacific,Americas,Purse seines,0,-,0,-,0,-,0,-,0,-,0,-,0,-,0,-,0,-,0,-,24,,104,,302,,0,-,0,-,0,-,210,,1697,,4542,,1083,,2411,,4134,,3810,,3192,,1463,,6417,,16096,,8827,,15968,,11217,,18256,,13626,,6898,,4256,,8723,,5751,,2386,,998,,1274,,1320,,3458,,2870,,4932,,6559,,18598,,26797,,38497,,44107,,31390,,30126,,56326,,35802,,40718,,34556,,50969,,55615,,66219,,53960,,61528,,59507,,52502,
Bigeye tuna Eastern Pacific,Asia,Longlines (nei),0,-,0,-,0,-,0,-,1610,,1810,,2408,,9698,,10592,,11515,,17722,,52431,,45050,,66617,,46279,,29164,,34800,,35878,,35233,,52071,,33341,,29804,,36128,,50777,,36961,,41733,,54290,,74086,,70659,,55435,,64335,,53416,,53365,,60043,,46394,,66325,,102425,,100120,,72757,,70963,,98871,,104185,,84700,,72411,,71248,,58085,,46763,,52203,,45797,,32545,,43942,,62548,,69418,,57242,,41994,,39238,,32050,,27969,,23289,,28216,,32638,
Bigeye tuna Eastern Pacific,Asia,Purse seines,0,-,0,-,0,-,0,-,0,-,0,-,0,-,0,-,0,-,0,-,0,-,0,-,0,-,0,-,0,-,0,-,0,-,0,-,0,-,0,-,0,-,0,-,158,,0,-,0,-,0,-,0,-,0,-,0,-,0,-,0,-,0,-,0,-,0,-,0,-,0,-,0,-,0,-,0,-,0,-,0,-,0,-,0,-,0,-,0,-,0,-,0,-,0,-,0,-,0,-,0,-,0,-,0,-,0,-,0,-,0,-,0,-,0,-,0,-,0,-,0,-
Bigeye tuna Eastern Pacific,Europe,Longlines (nei),0,-,0,-,0,-,0,-,0,-,0,-,0,-,0,-,0,-,0,-,0,-,0,-,0,-,0,-,0,-,0,-,0,-,0,-,0,-,0,-,0,-,0,-,0,-,0,-,0,-,0,-,0,-,0,-,0,-,0,-,0,-,0,-,0,-,0,-,0,-,0,-,0,-,0,-,0,-,0,-,0,-,0,-,0,-,0,-,0,-,0,-,0,-,0,-,0,-,0,-,0,-,0,-,0,-,58,,5,,0,-,0,-,0,-,0,-,0,-,173,
Bigeye tuna Eastern Pacific,Europe,Purse seines,0,-,0,-,0,-,0,-,0,-,0,-,0,-,0,-,0,-,0,-,0,-,0,-,0,-,0,-,0,-,0,-,0,-,0,-,0,-,0,-,0,-,150,,3,,118,,0,-,157,,678,,768,,240,,85,,0,-,805,,41,,0,-,0,-,0,-,0,-,0,-,0,-,0,-,0,-,0,-,0,-,0,-,0,-,0,-,0,-,0,-,5747,,11703,,12511,,7450,,5108,,4605,,3366,,3831,,5264,,711,,1234,,2636,,579,
Bigeye tuna Eastern Pacific,Oceania,Longlines (nei),0,-,0,-,0,-,0,-,0,-,0,-,0,-,0,-,0,-,0,-,0,-,0,-,0,-,0,-,0,-,0,-,0,-,0,-,0,-,0,-,0,-,0,-,0,-,0,-,0,-,0,-,0,-,0,-,0,-,0,-,0,-,0,-,0,-,0,-,0,-,0,-,0,-,0,-,0,-,0,-,0,-,0,-,7,,7,,102,,97,,113,,250,,359,,3652,,3407,,3961,,3383,,1604,,812,,1454,,1323,,1434,,1114,,1597,,1544,
Bigeye tuna Eastern Pacific,Oceania,Purse seines,0,-,0,-,0,-,0,-,0,-,0,-,0,-,0,-,0,-,0,-,0,-,0,-,0,-,0,-,0,-,0,-,0,-,0,-,0,-,0,-,0,-,0,-,0,-,0,-,0,-,0,-,0,-,0,-,0,-,0,-,0,-,0,-,0,-,0,-,0,-,0,-,0,-,0,-,0,-,0,-,2082,,1839,,1397,,1848,,8829,,12072,,12374,,6818,,4746,,5318,,10000,,4333,,2256,,3500,,1822,,0,-,0,-,0,-,0,-,0,-,0,-
Bigeye tuna in the Western and Central Pacific,-,Purse seines,0,-,1095,,1039,,619,,360,,285,,908,,49,,48,,36,,58,,63,,173,,6,,231,,201,,9,,62,,201,,55,,580,,741,,710,,925,,1315,,1489,,2024,,2672,,3369,,3617,,4248,,9970,,16281,,26676,,26538,,23718,,27221,,31910,,32814,,34834,,44627,,45930,,51966,,38781,,43498,,40738,,55490,,100316,,66363,,65248,,71492,,57115,,59249,,40771,,70228,,70530,,69152,,51482,,55917,,69082,,54356,
Bigeye tuna in the Western and Central Pacific,Africa,Longlines (nei),0,-,0,-,0,-,0,-,0,-,0,-,0,-,0,-,0,-,0,-,0,-,0,-,0,-,0,-,0,-,0,-,0,-,0,-,0,-,0,-,0,-,0,-,0,-,0,-,0,-,0,-,0,-,0,-,0,-,0,-,0,-,0,-,0,-,0,-,0,-,0,-,0,-,0,-,0,-,0,-,0,-,0,-,0,-,0,-,0,-,0,-,0,-,0,-,0,-,0,-,0,-,0,-,0,-,0,-,0,-,0,-,3,,2,,0,-,0,-,0,-
Bigeye tuna in the Western and Central Pacific,Americas,Gear not known,0,-,0,-,0,-,0,-,0,-,0,-,0,-,0,-,0,-,0,-,0,-,0,-,0,-,0,-,0,-,0,-,0,-,0,-,0,-,0,-,0,-,0,-,0,-,0,-,0,-,0,-,0,-,0,-,0,-,0,-,0,-,0,-,0,-,0,-,0,-,0,-,0,-,0,-,0,-,0,-,0,-,0,-,0,-,0,-,0,-,0,-,0,-,0,-,0,-,0,-,0,-,0,-,0,-,176,,232,,210,,247,,324,,148,,136,,337,
Bigeye tuna in the Western and Central Pacific,Americas,Longlines (nei),781,,913,,1013,,1242,,1248,,997,,1046,,738,,719,,596,,567,,469,,548,,424,,379,,345,,346,,293,,256,,319,,215,,213,,226,,181,,185,,150,,194,,225,,189,,137,,17,,76,,373,,466,,536,,606,,676,,816,,1233,,1445,,1520,,1571,,1495,,2124,,1793,,2229,,1986,,2585,,3385,,3033,,2771,,3815,,5404,,4642,,4705,,5021,,4816,,5757,,4870,,4033,,4156,
Bigeye tuna in the Western and Central Pacific,Americas,Trolling lines,0,-,0,-,0,-,0,-,0,-,0,-,0,-,0,-,0,-,0,-,0,-,0,-,0,-,0,-,0,-,0,-,0,-,0,-,0,-,0,-,0,-,0,-,0,-,0,-,0,-,0,-,0,-,0,-,0,-,0,-,0,-,0,-,0,-,0,-,0,-,0,-,0,-,0,-,0,-,0,-,0,-,0,-,0,-,0,-,0,-,0,-,185,,92,,243,,97,,207,,226,,586,,37,,149,,85,,56,,63,,74,,59,,129,
Bigeye tuna in the Western and Central Pacific,Asia,Gear not known,0,-,0,-,0,-,0,-,0,-,0,-,0,-,0,-,0,-,0,-,0,-,0,-,0,-,0,-,28,,30,,86,,253,,204,,62,,2968,,3243,,3690,,4449,,4987,,5212,,4354,,5954,,4331,,4966,,4565,,5298,,4875,,5320,,5593,,6725,,6949,,5852,,6838,,7572,,8036,,8964,,5820,,5066,,7521,,7938,,8444,,6709,,7755,,7800,,7985,,7110,,7328,,7575,,6092,,4761,,5125,,4994,,3395,,3905,,2649,
Bigeye tuna in the Western and Central Pacific,Asia,Longlines (nei),17463,,11895,,23342,,21783,,14956,,23752,,27296,,34725,,45275,,40471,,42900,,37048,,35347,,42116,,30610,,29503,,31638,,33339,,27501,,32252,,34750,,38146,,50814,,42215,,45468,,61338,,73106,,71824,,56012,,63481,,61742,,45722,,47471,,44752,,51258,,56817,,55096,,67111,,65948,,61756,,73459,,57350,,71886,,61647,,74177,,62047,,50000,,59968,,73062,,64110,,62882,,65301,,78593,,68882,,79746,,62801,,65329,,60763,,67288,,60824,,54354,
Bigeye tuna in the Western and Central Pacific,Asia,Mechanized lines and pole-and-lines,646,,729,,2100,,2400,,2100,,4000,,4400,,5200,,4200,,1700,,1500,,1800,,800,,1800,,1143,,1254,,1108,,2803,,2272,,1675,,1589,,931,,1762,,1258,,1039,,1334,,3423,,3325,,3337,,2540,,2278,,2596,,4108,,4055,,3465,,4326,,2865,,3134,,4125,,4298,,3918,,1991,,1757,,2331,,2930,,3768,,3861,,3611,,2446,,2176,,5648,,4274,,4242,,2869,,5590,,4018,,6679,,4157,,4642,,3382,,4054,
Bigeye tuna in the Western and Central Pacific,Asia,Trolling lines,0,-,0,-,0,-,0,-,0,-,0,-,0,-,0,-,0,-,0,-,0,-,0,-,0,-,0,-,0,-,0,-,0,-,0,-,0,-,0,-,0,-,0,-,0,-,0,-,0,-,0,-,0,-,0,-,0,-,0,-,0,-,0,-,0,-,0,-,0,-,0,-,0,-,0,-,0,-,0,-,0,-,0,-,0,-,0,-,0,-,145,,247,,320,,264,,219,,190,,182,,126,,105,,83,,135,,101,,124,,138,,115,,115,
Bigeye tuna in the Western and Central Pacific,Europe,Longlines (nei),0,-,0,-,0,-,0,-,0,-,0,-,0,-,0,-,0,-,0,-,0,-,0,-,0,-,0,-,0,-,0,-,0,-,0,-,0,-,0,-,0,-,0,-,0,-,0,-,0,-,0,-,0,-,0,-,0,-,0,-,0,-,0,-,0,-,0,-,0,-,0,-,0,-,0,-,0,-,0,-,0,-,0,-,0,-,0,-,0,-,0,-,0,-,0,-,0,-,0,-,0,-,0,-,0,-,0,-,42,,17,,62,,62,,77,,46,,8,
Bigeye tuna in the Western and Central Pacific,Oceania,Gear not known,0,-,0,-,0,-,0,-,0,-,0,-,0,-,0,-,0,-,0,-,0,-,0,-,0,-,0,-,0,-,0,-,0,-,0,-,0,-,0,-,0,-,0,-,0,-,0,-,0,-,0,-,0,-,0,-,0,-,0,-,0,-,0,-,0,-,0,-,0,-,0,-,0,-,0,-,0,-,0,-,1,,1,,1,,1,,1,,1,,2,,2,,1,,2,,1,,1,,3,,15,,33,,4,,9,,21,,1,,0,-,0,-
Bigeye tuna in the Western and Central Pacific,Oceania,Longlines (nei),0,-,0,-,0,-,0,-,0,-,0,-,0,-,0,-,0,-,0,-,0,-,0,-,0,-,0,-,0,-,0,-,0,-,0,-,0,-,0,-,0,-,0,-,0,-,16,,0,-,0,-,25,,34,,36,,86,,98,,25,,42,,52,,95,,78,,32,,115,,69,,115,,162,,316,,492,,782,,881,,1373,,2041,,3103,,4676,,4143,,4921,,4822,,5180,,5390,,6558,,4470,,4452,,6425,,5314,,5892,,5599,
Bigeye tuna in the Western and Central Pacific,Oceania,Mechanized lines and pole-and-lines,0,-,0,-,0,-,0,-,0,-,0,-,0,-,0,-,0,-,0,-,0,-,0,-,0,-,0,-,0,-,0,-,0,-,0,-,0,-,0,-,0,-,0,-,0,-,0,-,0,-,0,-,0,-,0,-,0,-,0,-,0,-,0,-,0,-,0,-,0,-,0,-,0,-,0,-,0,-,0,-,0,-,0,-,0,-,0,-,21,,8,,3,,0,-,0,-,0,-,0,-,0,-,0,-,0,-,0,-,0,-,0,-,37,,0,-,8,,0,-
Bigeye tuna in the Western and Central Pacific,Oceania,Trolling lines,0,-,0,-,0,-,0,-,0,-,0,-,0,-,0,-,0,-,0,-,0,-,0,-,0,-,0,-,0,-,0,-,0,-,0,-,0,-,0,-,0,-,0,-,0,-,0,-,0,-,0,-,0,-,0,-,0,-,0,-,0,-,0,-,0,-,0,-,0,-,0,-,0,-,0,-,0,-,0,-,0,-,0,-,0,-,0,-,0,-,0,-,0,-,0,-,0,-,0,-,0,-,0,-,1,,0,-,0,-,0,-,0,-,0,-,0,-,1,,0,-
Pacific bluefin tuna in the Pacific,-,Gear not known,0,-,0,-,0,-,0,-,0,-,0,-,0,-,0,-,0,-,0,-,0,-,0,-,0,-,0,-,0,-,0,-,0,-,0,-,0,-,0,-,0,-,0,-,0,-,0,-,0,-,0,-,0,-,0,-,0,-,0,-,0,-,0,-,0,-,0,-,0,-,0,-,0,-,0,-,0,-,0,-,0,-,0,-,0,-,0,-,0,-,0,-,0,-,0,-,0,-,0,-,0,-,0,-,10,,19,,10,,7,,3,,3,,3,,0,-,0,-
Pacific bluefin tuna in the Pacific,-,Mechanized lines and pole-and-lines,0,-,0,-,0,-,0,-,0,-,0,-,0,-,0,-,0,-,0,-,0,-,0,-,0,-,0,-,0,-,0,-,12,,0,-,0,-,0,-,0,-,0,-,0,-,0,-,0,-,0,-,0,-,0,-,0,-,0,-,0,-,0,-,0,-,0,-,0,-,0,-,0,-,0,-,0,-,0,-,0,-,0,-,0,-,0,-,0,-,0,-,0,-,0,-,0,-,0,-,0,-,0,-,0,-,0,-,0,-,0,-,0,-,0,-,0,-,20,,0,-
Pacific bluefin tuna in the Pacific,-,Purse seines,0,-,0,-,0,-,0,-,0,-,0,-,0,-,0,-,0,-,0,-,0,-,0,-,82,,0,-,0,-,0,-,0,-,0,-,0,-,0,-,0,-,0,-,0,-,0,-,0,-,0,-,0,-,0,-,0,-,0,-,0,-,0,-,0,-,0,-,0,-,0,-,0,-,0,-,0,-,0,-,0,-,0,-,0,-,0,-,0,-,0,-,0,-,0,-,0,-,0,-,0,-,0,-,0,-,0,-,0,-,201,,0,-,43,,0,-,409,,1,
Pacific bluefin tuna in the Pacific,Americas,Gear not known,0,-,0,-,4,,96,,22,,186,,776,,146,,20,,101,,1,,39,,147,,35,,46,,144,,32,,67,,33,,41,,56,,14,,119,,148,,179,,156,,75,,67,,18,,43,,62,,30,,19,,80,,128,,193,,132,,142,,107,,224,,256,,153,,317,,726,,260,,606,,195,,530,,1219,,1224,,880,,805,,1320,,858,,136,,171,,199,,31,,197,,361,,243,
Pacific bluefin tuna in the Pacific,Americas,Longlines (nei),0,-,0,-,0,-,0,-,0,-,0,-,0,-,0,-,0,-,0,-,0,-,0,-,0,-,0,-,0,-,0,-,0,-,0,-,0,-,0,-,0,-,0,-,0,-,0,-,0,-,0,-,0,-,0,-,0,-,0,-,0,-,0,-,0,-,0,-,0,-,0,-,0,-,0,-,1,,0,-,0,-,0,-,1,,0,-,1,,11,,7,,8,,81,,134,,42,,136,,68,,85,,14,,0,-,0,-,0,-,0,-,0,-,0,-
Pacific bluefin tuna in the Pacific,Americas,Mechanized lines and pole-and-lines,0,-,0,-,0,-,0,-,0,-,0,-,0,-,0,-,0,-,88,,0,-,16,,0,-,28,,39,,11,,0,-,0,-,8,,9,,0,-,0,-,3,,1,,0,-,83,,22,,10,,4,,5,,0,-,0,-,0,-,0,-,0,-,0,-,0,-,0,-,0,-,5,,61,,0,-,0,-,0,-,0,-,0,-,0,-,2,,0,-,5,,61,,1,,3,,3,,0,-,0,-,0,-,0,-,15,,0,-,0,-
Pacific bluefin tuna in the Pacific,Americas,Purse seines,0,-,0,-,4152,,8866,,19074,,12346,,11454,,18430,,27868,,7354,,9094,,16238,,22126,,24488,,18356,,13624,,31770,,11776,,11936,,13834,,7931,,16718,,26604,,21447,,11174,,18996,,21240,,10890,,10416,,12204,,5818,,2170,,6289,,1678,,1683,,7996,,10080,,1959,,2754,,2205,,2860,,839,,3858,,1159,,1938,,1324,,16668,,5212,,3544,,5106,,7421,,2310,,3517,,6466,,17760,,9285,,19856,,8335,,8784,,6448,,15490,
Pacific bluefin tuna in the Pacific,Asia,Gear not known,0,-,0,-,3845,,2495,,5845,,4407,,4555,,3236,,1402,,1742,,2401,,3309,,2838,,3091,,3359,,3227,,1390,,2905,,3275,,2382,,2003,,1872,,1304,,2987,,6788,,3246,,4235,,3311,,4824,,6987,,4479,,4782,,3378,,2091,,3110,,3748,,3646,,2657,,1403,,1085,,1486,,2254,,2297,,1216,,1556,,2447,,1719,,1614,,1574,,1806,,1816,,2162,,1736,,1306,,1413,,2732,,2199,,2722,,3552,,3160,,2559,
Pacific bluefin tuna in the Pacific,Asia,Longlines (nei),0,-,0,-,2703,,3048,,3116,,2968,,2910,,1733,,844,,3705,,6106,,6796,,6209,,6543,,3258,,2831,,1546,,985,,548,,923,,651,,773,,586,,956,,1324,,1178,,433,,503,,730,,828,,965,,802,,952,,402,,644,,325,,187,,612,,296,,450,,537,,585,,1013,,1304,,1796,,1037,,1878,,3132,,3188,,4281,,3744,,2648,,2372,,3114,,3572,,3307,,2281,,3496,,2474,,2189,,1282,
Pacific bluefin tuna in the Pacific,Asia,Mechanized lines and pole-and-lines,0,-,0,-,2198,,3052,,3044,,2841,,4060,,1795,,2337,,586,,600,,662,,747,,1256,,1037,,831,,613,,1210,,983,,721,,723,,938,,944,,526,,1192,,1401,,1082,,2256,,1154,,1250,,1392,,754,,1777,,356,,587,,1817,,1086,,1565,,907,,754,,536,,286,,166,,129,,162,,270,,94,,34,,85,,35,,102,,180,,99,,44,,132,,549,,108,,236,,64,,50,,83,
Pacific bluefin tuna in the Pacific,Asia,Purse seines,0,-,0,-,2145,,2335,,5579,,3256,,4170,,2822,,1187,,1575,,2032,,2710,,2545,,2797,,1475,,2121,,1261,,2603,,3058,,2187,,1779,,1555,,1107,,2351,,6019,,2433,,2996,,2257,,2546,,4558,,2521,,2129,,1698,,994,,2243,,2643,,3274,,2308,,1094,,1191,,1152,,7222,,4476,,2333,,1994,,16255,,3355,,8872,,3738,,5907,,11819,,7023,,7013,,8252,,4992,,12283,,7669,,6659,,11416,,9122,,5419,
Pacific bluefin tuna in the Pacific,Asia,Trolling lines,0,-,0,-,667,,1472,,1656,,1507,,1763,,2392,,1497,,736,,1885,,3193,,1683,,2542,,2784,,1963,,1614,,3273,,1568,,2219,,1198,,1492,,842,,2108,,1656,,1031,,830,,2166,,4517,,2655,,1531,,1777,,864,,2028,,1874,,1850,,1467,,880,,1124,,903,,1250,,2069,,915,,546,,4111,,4778,,3640,,2740,,2865,,3387,,5121,,3329,,2427,,1839,,2182,,3406,,1544,,2385,,2074,,1875,,1301,
Pacific bluefin tuna in the Pacific,Europe,Purse seines,0,-,0,-,0,-,0,-,0,-,0,-,0,-,0,-,0,-,0,-,0,-,0,-,0,-,0,-,0,-,0,-,0,-,0,-,0,-,0,-,0,-,0,-,0,-,0,-,0,-,0,-,0,-,0,-,180,,0,-,0,-,0,-,0,-,0,-,0,-,0,-,0,-,0,-,0,-,0,-,0,-,0,-,0,-,0,-,0,-,0,-,0,-,0,-,0,-,0,-,0,-,0,-,0,-,0,-,0,-,0,-,0,-,0,-,0,-,0,-,0,-
Pacific bluefin tuna in the Pacific,Oceania,Gear not known,0,-,0,-,0,-,0,-,0,-,0,-,0,-,0,-,0,-,0,-,0,-,0,-,0,-,0,-,0,-,0,-,0,-,0,-,0,-,0,-,0,-,0,-,0,-,0,-,0,-,0,-,0,-,0,-,0,-,0,-,0,-,0,-,0,-,0,-,0,-,0,-,0,-,0,-,0,-,0,-,0,-,2,,0,-,6,,2,,2,,4,,14,,20,,21,,21,,50,,55,,41,,67,,20,,21,,21,,21,,0,-,0,-
Skipjack tuna in the East Pacific,-,Gear not known,3375,,3523,,3657,,4663,,9051,,63912,,80287,,73936,,67994,,0,-,0,-,0,-,0,-,0,-,0,-,0,-,0,-,0,-,0,-,0,-,0,-,0,-,0,-,0,-,0,-,0,-,0,-,0,-,0,-,0,-,0,-,0,-,0,-,0,-,0,-,0,-,0,-,0,-,0,-,0,-,0,-,0,-,0,-,0,-,0,-,0,-,0,-,0,-,0,-,0,-,0,-,0,-,0,-,33,,13,,0,-,0,-,0,-,0,-,0,-,0,-
Skipjack tuna in the East Pacific,-,Mechanized lines and pole-and-lines,49534,,45617,,32724,,50812,,61221,,0,-,0,-,0,-,0,-,0,-,0,-,109,,237,,341,,359,,141,,5475,,409,,403,,612,,363,,0,-,1,,0,-,0,-,47,,324,,0,-,325,,291,,214,,0,-,0,-,0,-,0,-,28,,25,,0,-,0,-,0,-,0,-,0,-,0,-,157,,37,,326,,0,-,185,,0,-,18,,55,,0,-,0,-,0,-,0,-,0,-,0,-,0,-,2,,0,-,0,-
Skipjack tuna in the East Pacific,-,Purse seines,5741,,5790,,4806,,5171,,8519,,0,-,0,-,0,-,0,-,0,-,0,-,4974,,915,,544,,331,,1112,,2572,,569,,1333,,3972,,172,,981,,1212,,1302,,5393,,3685,,5430,,6302,,21162,,11833,,5303,,2030,,2464,,1689,,1430,,3314,,9828,,13421,,8494,,14453,,3707,,3724,,7962,,9181,,8871,,15092,,13201,,25055,,6765,,17864,,22399,,23813,,19283,,41895,,22515,,20347,,39116,,35571,,48125,,33483,,12660,
Skipjack tuna in the East Pacific,Africa,Purse seines,0,-,0,-,0,-,0,-,0,-,0,-,0,-,0,-,0,-,0,-,0,-,0,-,0,-,0,-,0,-,0,-,0,-,0,-,0,-,0,-,0,-,0,-,0,-,0,-,0,-,0,-,1791,,0,-,0,-,0,-,0,-,0,-,0,-,0,-,0,-,0,-,0,-,0,-,0,-,0,-,0,-,0,-,0,-,0,-,0,-,0,-,0,-,0,-,0,-,0,-,0,-,0,-,0,-,0,-,0,-,0,-,0,-,0,-,0,-,0,-,0,-
Skipjack tuna in the East Pacific,Americas,Gear not known,0,-,0,-,0,-,0,-,0,-,0,-,0,-,0,-,0,-,883,,453,,383,,458,,2203,,3506,,794,,1719,,4892,,9888,,11677,,7070,,6515,,902,,431,,415,,433,,574,,1848,,1263,,1429,,1938,,909,,382,,710,,836,,182,,132,,178,,662,,1020,,1874,,1909,,1030,,2256,,730,,1911,,1259,,96,,237,,1393,,66,,34,,118,,2776,,1106,,1779,,87,,352,,304,,40,,298,
Skipjack tuna in the East Pacific,Americas,Longlines (nei),0,-,0,-,0,-,0,-,0,-,0,-,0,-,0,-,0,-,0,-,0,-,0,-,0,-,0,-,0,-,0,-,0,-,0,-,0,-,0,-,0,-,0,-,0,-,0,-,0,-,0,-,0,-,0,-,0,-,0,-,0,-,0,-,0,-,0,-,0,-,0,-,0,-,0,-,0,-,0,-,0,-,3,,0,-,0,-,0,-,0,-,0,-,0,-,1,,1,,0,-,1107,,60,,294,,177,,111,,128,,12,,6,,22,,32,
Skipjack tuna in the East Pacific,Americas,Mechanized lines and pole-and-lines,0,-,0,-,0,-,0,-,0,-,0,-,0,-,0,-,0,-,60853,,28929,,28886,,17424,,16798,,9947,,19725,,8608,,17607,,6937,,6358,,7107,,11679,,6555,,9135,,7629,,13801,,10932,,7522,,5722,,6055,,5011,,5906,,3760,,4387,,2884,,918,,1896,,2233,,4325,,2940,,823,,1717,,1957,,3615,,3203,,4927,,2555,,3075,,1684,,2026,,176,,448,,616,,639,,530,,1299,,435,,276,,499,,151,,47,
Skipjack tuna in the East Pacific,Americas,Purse seines,0,-,0,-,0,-,0,-,0,-,0,-,0,-,0,-,0,-,17958,,16650,,40732,,58024,,81859,,51428,,62944,,47692,,104359,,58309,,42048,,47294,,92506,,27477,,36408,,70005,,108150,,112501,,74854,,145015,,112024,,118502,,114493,,96426,,55162,,58429,,47515,,55806,,50598,,78619,,80481,,58742,,49453,,63006,,63741,,51714,,98045,,79899,,114155,,102570,,187491,,152584,,98075,,119060,,199394,,162767,,233658,,240485,,169846,,243637,,191021,,132963,
Skipjack tuna in the East Pacific,Asia,Longlines (nei),0,-,0,-,0,-,0,-,1,,2,,0,-,13,,31,,32,,28,,46,,45,,185,,102,,252,,241,,146,,240,,227,,164,,187,,242,,207,,95,,94,,131,,112,,61,,33,,26,,20,,28,,28,,32,,44,,58,,37,,26,,28,,41,,33,,24,,61,,72,,74,,40,,127,,271,,186,,29,,93,,174,,247,,467,,106,,74,,73,,36,,142,,95,
Skipjack tuna in the East Pacific,Asia,Purse seines,0,-,0,-,0,-,0,-,0,-,0,-,0,-,0,-,0,-,0,-,0,-,0,-,0,-,0,-,0,-,0,-,0,-,0,-,0,-,0,-,0,-,292,,168,,0,-,0,-,0,-,0,-,0,-,0,-,0,-,0,-,0,-,0,-,0,-,0,-,0,-,0,-,0,-,0,-,0,-,0,-,0,-,0,-,0,-,0,-,0,-,0,-,0,-,0,-,0,-,0,-,0,-,0,-,0,-,0,-,0,-,0,-,0,-,0,-,0,-,0,-
Skipjack tuna in the East Pacific,Europe,Purse seines,0,-,0,-,0,-,0,-,0,-,0,-,0,-,0,-,0,-,0,-,0,-,0,-,0,-,0,-,0,-,0,-,0,-,0,-,0,-,0,-,0,-,723,,947,,1537,,4020,,8523,,5235,,3447,,6117,,9838,,7107,,2642,,1609,,0,-,0,-,0,-,0,-,0,-,0,-,0,-,0,-,0,-,0,-,0,-,0,-,0,-,0,-,0,-,20012,,34923,,17041,,13454,,10546,,18567,,8138,,9224,,16668,,2879,,4841,,6021,,1569,
Skipjack tuna in the East Pacific,Oceania,Gear not known,0,-,0,-,0,-,0,-,0,-,0,-,0,-,0,-,0,-,0,-,0,-,0,-,0,-,0,-,0,-,0,-,0,-,0,-,0,-,0,-,0,-,0,-,0,-,0,-,0,-,0,-,0,-,0,-,0,-,0,-,0,-,0,-,0,-,0,-,0,-,0,-,0,-,0,-,0,-,0,-,0,-,0,-,0,-,0,-,0,-,0,-,0,-,0,-,0,-,0,-,0,-,0,-,0,-,0,-,0,-,0,-,899,,713,,859,,1071,,971,
Skipjack tuna in the East Pacific,Oceania,Longlines (nei),0,-,0,-,0,-,0,-,0,-,0,-,0,-,0,-,0,-,0,-,0,-,0,-,0,-,0,-,0,-,0,-,0,-,0,-,0,-,0,-,0,-,0,-,0,-,0,-,0,-,0,-,0,-,0,-,0,-,0,-,0,-,0,-,0,-,0,-,0,-,0,-,0,-,0,-,0,-,0,-,0,-,0,-,0,-,0,-,1,,3,,12,,8,,22,,14,,39,,14,,27,,60,,56,,14,,22,,22,,14,,21,,16,
Skipjack tuna in the East Pacific,Oceania,Purse seines,0,-,0,-,0,-,0,-,0,-,0,-,0,-,0,-,0,-,0,-,0,-,0,-,0,-,0,-,0,-,0,-,0,-,0,-,0,-,0,-,0,-,0,-,0,-,0,-,0,-,0,-,0,-,0,-,0,-,0,-,0,-,0,-,0,-,0,-,0,-,0,-,0,-,0,-,0,-,0,-,11920,,9051,,13315,,10908,,9541,,13910,,10873,,14246,,11284,,21287,,13620,,7824,,4657,,14112,,4404,,0,-,0,-,0,-,0,-,0,-,0,-
Skipjack tuna in the Western and Central Pacific,-,Purse seines,0,-,1748,,3716,,3371,,4534,,2906,,2145,,2813,,10698,,16941,,3728,,11693,,11674,,9592,,25006,,4657,,10949,,10937,,7669,,5031,,7451,,13603,,18004,,19074,,10716,,13011,,22249,,34706,,33585,,59006,,75488,,95887,,164394,,295915,,303840,,264953,,321972,,367324,,410804,,437723,,532995,,699745,,671507,,608647,,705848,,663673,,670653,,614804,,892009,,770586,,818442,,816221,,923536,,911285,,1062606,,1080289,,1204498,,1343320,,1283841,,1464575,,1381070,
Skipjack tuna in the Western and Central Pacific,Africa,Longlines (nei),0,-,0,-,0,-,0,-,0,-,0,-,0,-,0,-,0,-,0,-,0,-,0,-,0,-,0,-,0,-,0,-,0,-,0,-,0,-,0,-,0,-,0,-,0,-,0,-,0,-,0,-,0,-,0,-,0,-,0,-,0,-,0,-,0,-,0,-,0,-,0,-,0,-,0,-,0,-,0,-,0,-,0,-,0,-,0,-,0,-,0,-,0,-,0,-,0,-,0,-,0,-,0,-,0,-,0,-,0,-,0,-,9,,0,-,0,-,0,-,0,-
Skipjack tuna in the Western and Central Pacific,Americas,Gear not known,0,-,0,-,0,-,0,-,0,-,0,-,0,-,0,-,0,-,0,-,0,-,0,-,0,-,0,-,0,-,0,-,0,-,0,-,0,-,0,-,0,-,0,-,0,-,0,-,0,-,0,-,0,-,0,-,0,-,0,-,0,-,0,-,0,-,0,-,0,-,0,-,0,-,0,-,0,-,0,-,0,-,0,-,0,-,0,-,0,-,0,-,0,-,0,-,0,-,0,-,0,-,0,-,0,-,7,,10,,10,,5,,7,,9,,11,,6,
Skipjack tuna in the Western and Central Pacific,Americas,Longlines (nei),34,,12,,54,,1,,0,-,157,,0,-,17,,0,-,33,,0,-,0,-,4,,0,-,0,-,0,-,0,-,0,-,1,,0,-,0,-,0,-,0,-,0,-,0,-,0,-,0,-,0,-,0,-,0,-,22,,0,-,0,-,3,,4,,5,,6,,1,,8,,10,,5,,39,,25,,36,,54,,103,,41,,108,,86,,121,,105,,275,,256,,414,,377,,252,,284,,253,,282,,272,,234,
Skipjack tuna in the Western and Central Pacific,Americas,Mechanized lines and pole-and-lines,0,-,0,-,0,-,0,-,0,-,0,-,0,-,0,-,0,-,0,-,0,-,0,-,0,-,0,-,0,-,0,-,0,-,0,-,0,-,0,-,0,-,0,-,0,-,0,-,0,-,0,-,0,-,0,-,0,-,2901,,1796,,1819,,1400,,1135,,1536,,851,,942,,1510,,1723,,1332,,487,,992,,763,,962,,514,,571,,835,,881,,382,,584,,320,,447,,304,,586,,279,,353,,294,,272,,293,,214,,0,-
Skipjack tuna in the Western and Central Pacific,Americas,Trolling lines,0,-,0,-,0,-,0,-,0,-,0,-,0,-,0,-,0,-,0,-,0,-,0,-,0,-,0,-,0,-,0,-,0,-,0,-,0,-,0,-,0,-,0,-,0,-,0,-,0,-,0,-,0,-,0,-,0,-,0,-,12,,17,,64,,154,,284,,146,,211,,154,,286,,229,,158,,126,,125,,105,,187,,371,,450,,383,,316,,302,,422,,530,,360,,277,,260,,264,,296,,272,,375,,399,,389,
Skipjack tuna in the Western and Central Pacific,Asia,Gear not known,6483,,8602,,10014,,11403,,11554,,12664,,13094,,11955,,15244,,14853,,15782,,18032,,17559,,18354,,20801,,20620,,22913,,24930,,24929,,30070,,35215,,32429,,45368,,54435,,54022,,55019,,56107,,71240,,81229,,66142,,46158,,52892,,57101,,60935,,52532,,57714,,67259,,59533,,57848,,58640,,91882,,83472,,81404,,66383,,66842,,67450,,72244,,69159,,76548,,76797,,81817,,75594,,78291,,75116,,58937,,65174,,66114,,69533,,81354,,80758,,79557,
Skipjack tuna in the Western and Central Pacific,Asia,Longlines (nei),0,-,0,-,0,-,0,-,0,-,0,-,0,-,0,-,0,-,0,-,0,-,0,-,0,-,0,-,5,,11,,52,,124,,82,,130,,1608,,1475,,1544,,1861,,2124,,1919,,2096,,3127,,3233,,2179,,610,,756,,1015,,2141,,866,,1103,,1432,,2299,,1880,,2453,,293,,777,,336,,504,,266,,456,,3854,,3925,,3933,,3154,,4333,,4252,,2791,,2966,,3319,,575,,320,,137,,305,,640,,338,
Skipjack tuna in the Western and Central Pacific,Asia,Mechanized lines and pole-and-lines,33386,,96214,,78518,,65546,,88073,,92524,,91950,,92156,,131441,,145447,,70428,,127011,,152387,,94757,,136081,,127436,,212985,,165492,,157340,,311166,,368639,,309719,,151911,,217290,,232319,,189599,,231086,,257505,,255940,,226172,,270748,,232245,,235127,,265940,,339240,,212694,,295119,,235214,,264244,,257828,,200286,,249784,,226786,,259093,,203489,,221185,,186304,,202043,,220366,,215470,,212585,,153738,,140532,,160086,,146292,,173187,,148461,,138631,,141058,,118270,,135007,
Skipjack tuna in the Western and Central Pacific,Asia,Trolling lines,0,-,0,-,0,-,0,-,0,-,0,-,0,-,0,-,0,-,0,-,0,-,0,-,0,-,0,-,0,-,0,-,0,-,0,-,0,-,0,-,0,-,0,-,0,-,0,-,0,-,0,-,0,-,0,-,0,-,0,-,0,-,0,-,0,-,0,-,0,-,0,-,0,-,0,-,0,-,0,-,0,-,0,-,0,-,0,-,0,-,11873,,6006,,8781,,7946,,5304,,14528,,6949,,6376,,9386,,14802,,5971,,3624,,3249,,4178,,3819,,3819,
Skipjack tuna in the Western and Central Pacific,Europe,Longlines (nei),0,-,0,-,0,-,0,-,0,-,0,-,0,-,0,-,0,-,0,-,0,-,0,-,0,-,0,-,0,-,0,-,0,-,0,-,0,-,0,-,0,-,0,-,0,-,0,-,0,-,0,-,0,-,0,-,0,-,0,-,0,-,0,-,0,-,0,-,0,-,0,-,0,-,0,-,0,-,0,-,0,-,0,-,0,-,0,-,0,-,0,-,0,-,0,-,0,-,0,-,0,-,0,-,0,-,0,-,0,-,0,-,602,,602,,0,-,1,,0,-
Skipjack tuna in the Western and Central Pacific,Oceania,Gear not known,0,-,0,-,0,-,0,-,0,-,0,-,0,-,0,-,0,-,0,-,0,-,0,-,0,-,0,-,0,-,0,-,0,-,0,-,0,-,0,-,0,-,0,-,0,-,0,-,0,-,0,-,0,-,0,-,0,-,0,-,0,-,0,-,0,-,0,-,0,-,0,-,0,-,0,-,0,-,0,-,172,,53,,47,,51,,63,,133,,144,,176,,476,,3269,,6227,,1046,,3055,,1382,,1447,,1324,,1463,,8742,,8686,,9043,,9066,
Skipjack tuna in the Western and Central Pacific,Oceania,Longlines (nei),0,-,0,-,0,-,0,-,0,-,0,-,0,-,0,-,0,-,0,-,0,-,0,-,0,-,0,-,0,-,0,-,0,-,0,-,0,-,0,-,0,-,0,-,0,-,0,-,0,-,0,-,0,-,0,-,0,-,0,-,0,-,0,-,0,-,0,-,0,-,0,-,1,,29,,49,,44,,65,,69,,71,,33,,59,,39,,40,,37,,1011,,933,,121,,532,,403,,444,,355,,257,,313,,178,,224,,312,,569,
Skipjack tuna in the Western and Central Pacific,Oceania,Mechanized lines and pole-and-lines,0,-,0,-,0,-,0,-,0,-,0,-,0,-,0,-,0,-,0,-,0,-,0,-,0,-,0,-,1025,,2497,,2615,,3354,,5039,,4629,,10435,,23565,,20916,,35927,,56883,,28672,,45496,,37136,,75461,,56786,,60913,,60228,,25717,,32687,,38698,,36465,,40634,,25743,,35064,,30546,,23819,,42174,,24168,,20011,,23918,,35391,,24269,,22688,,23699,,19685,,3553,,5040,,10097,,10731,,7590,,3934,,7240,,4369,,2125,,818,,503,
Skipjack tuna in the Western and Central Pacific,Oceania,Trolling lines,0,-,0,-,0,-,0,-,0,-,0,-,0,-,0,-,0,-,0,-,0,-,0,-,0,-,0,-,0,-,0,-,0,-,0,-,0,-,0,-,0,-,0,-,0,-,0,-,0,-,0,-,0,-,0,-,0,-,0,-,0,-,0,-,0,-,0,-,0,-,0,-,8,,14,,13,,15,,18,,22,,43,,70,,41,,54,,58,,54,,54,,54,,55,,60,,60,,58,,56,,67,,67,,77,,19,,33,,20,
Yellowfin tuna in the East Pacific,-,Gear not known,20197,,12279,,8734,,3482,,9353,,0,-,0,-,0,-,0,-,0,-,0,-,0,-,0,-,0,-,0,-,0,-,0,-,0,-,0,-,0,-,0,-,0,-,0,-,0,-,0,-,0,-,0,-,0,-,0,-,0,-,0,-,0,-,0,-,0,-,0,-,0,-,0,-,0,-,0,-,0,-,0,-,0,-,0,-,0,-,0,-,0,-,0,-,28,,0,-,0,-,41,,86,,81,,1472,,24,,1,,0,-,0,-,0,-,0,-,0,-
Yellowfin tuna in the East Pacific,-,Longlines (nei),0,-,0,-,0,-,0,-,0,-,0,-,0,-,0,-,0,-,0,-,0,-,0,-,0,-,0,-,0,-,0,-,0,-,0,-,0,-,0,-,0,-,0,-,0,-,0,-,0,-,0,-,0,-,0,-,0,-,0,-,0,-,0,-,0,-,0,-,0,-,0,-,0,-,0,-,0,-,0,-,0,-,0,-,0,-,2,,0,-,0,-,0,-,0,-,8,,26,,0,-,0,-,0,-,0,-,0,-,0,-,0,-,0,-,49,,0,-,3,
Yellowfin tuna in the East Pacific,-,Mechanized lines and pole-and-lines,65921,,65499,,66108,,43920,,46541,,50811,,58828,,58402,,46776,,0,-,0,-,362,,624,,304,,351,,516,,4341,,172,,419,,1211,,112,,0,-,14,,0,-,0,-,275,,100,,1,,411,,887,,233,,0,-,0,-,0,-,38,,26,,4,,0,-,0,-,0,-,0,-,0,-,0,-,30,,26,,0,-,0,-,189,,0,-,48,,13,,0,-,0,-,0,-,0,-,0,-,0,-,0,-,0,-,0,-,0,-
Yellowfin tuna in the East Pacific,-,Purse seines,15856,,6598,,13735,,16121,,7625,,13086,,21470,,15544,,20560,,0,-,0,-,598,,282,,15,,241,,382,,1681,,192,,633,,1181,,302,,1797,,703,,2752,,6477,,3758,,7323,,18948,,16197,,11115,,6519,,2607,,830,,2767,,2430,,3511,,14155,,21037,,19499,,14567,,4197,,5625,,5419,,7559,,4324,,4005,,8322,,6803,,5004,,11002,,13563,,32180,,31068,,27710,,37688,,26352,,19735,,32507,,30050,,43728,,22758,
Yellowfin tuna in the East Pacific,Africa,Purse seines,0,-,0,-,0,-,0,-,0,-,0,-,0,-,0,-,0,-,0,-,0,-,0,-,0,-,0,-,0,-,0,-,0,-,0,-,0,-,0,-,0,-,0,-,0,-,0,-,0,-,0,-,3452,,0,-,0,-,0,-,0,-,0,-,0,-,0,-,0,-,0,-,0,-,0,-,0,-,0,-,0,-,0,-,0,-,0,-,0,-,0,-,0,-,0,-,0,-,0,-,0,-,0,-,0,-,0,-,0,-,0,-,0,-,0,-,0,-,0,-,0,-
Yellowfin tuna in the East Pacific,Americas,Gear not known,0,-,0,-,0,-,0,-,0,-,0,-,0,-,0,-,0,-,670,,458,,949,,708,,689,,738,,312,,507,,1534,,3241,,1866,,4850,,2482,,1060,,661,,1230,,566,,359,,250,,1103,,212,,862,,799,,278,,849,,344,,213,,214,,137,,754,,263,,960,,957,,1958,,3033,,1487,,2067,,1639,,597,,1528,,2704,,1110,,519,,549,,1145,,627,,1853,,1023,,1032,,625,,643,,552,
Yellowfin tuna in the East Pacific,Americas,Longlines (nei),0,-,0,-,0,-,0,-,0,-,0,-,0,-,0,-,0,-,0,-,0,-,0,-,0,-,0,-,0,-,0,-,0,-,0,-,0,-,0,-,0,-,0,-,0,-,0,-,0,-,0,-,0,-,0,-,0,-,0,-,0,-,0,-,0,-,49,,0,-,2,,68,,272,,232,,9,,0,-,171,,122,,217,,524,,580,,196,,726,,1155,,1048,,1616,,3756,,3926,,2289,,4860,,3762,,3695,,1313,,1638,,1317,,402,
Yellowfin tuna in the East Pacific,Americas,Mechanized lines and pole-and-lines,0,-,0,-,0,-,0,-,0,-,0,-,0,-,0,-,0,-,27441,,22151,,14857,,10428,,6738,,3639,,6468,,960,,4340,,3888,,5984,,4148,,5300,,6046,,3933,,8188,,5354,,3180,,1840,,3477,,3902,,1248,,1477,,1538,,4007,,2953,,1044,,2533,,5107,,3723,,4145,,2676,,2856,,3789,,4921,,3599,,1268,,3762,,4229,,5085,,1735,,2418,,3916,,950,,469,,1882,,1822,,686,,894,,812,,709,,460,
Yellowfin tuna in the East Pacific,Americas,Purse seines,0,-,0,-,0,-,0,-,0,-,0,-,0,-,0,-,0,-,30050,,79425,,79460,,55988,,47988,,78077,,64967,,67301,,65250,,85909,,112484,,139083,,101808,,158847,,182824,,178918,,172229,,197995,,160856,,137351,,150885,,130212,,158976,,112991,,81162,,133355,,207948,,246357,,240971,,257794,,263429,,236848,,195945,,195296,,186997,,178355,,189209,,219736,,217374,,226164,,246120,,221134,,322580,,356727,,333954,,213874,,229803,,138485,,134878,,151984,,185164,,225430,
Yellowfin tuna in the East Pacific,Americas,Trolling lines,0,-,0,-,0,-,0,-,0,-,0,-,0,-,0,-,0,-,0,-,0,-,0,-,0,-,0,-,0,-,0,-,0,-,0,-,0,-,0,-,0,-,0,-,0,-,0,-,0,-,0,-,0,-,0,-,0,-,0,-,0,-,0,-,0,-,0,-,0,-,0,-,0,-,0,-,0,-,0,-,0,-,0,-,0,-,0,-,0,-,0,-,0,-,0,-,0,-,0,-,0,-,0,-,0,-,0,-,1,,0,-,0,-,0,-,0,-,0,-,0,-
Yellowfin tuna in the East Pacific,Asia,Longlines (nei),0,-,0,-,0,-,0,-,209,,427,,967,,5854,,4927,,3437,,5934,,12500,,10211,,18973,,16974,,15620,,9097,,9285,,14986,,15329,,12643,,8013,,16859,,11697,,7190,,10640,,15632,,12355,,10188,,11473,,13477,,7999,,10961,,10846,,10345,,13196,,22740,,18639,,14428,,17023,,34633,,30728,,18467,,23751,,29288,,19818,,16159,,21102,,13785,,10402,,21141,,24908,,20956,,20252,,12957,,7602,,4885,,5904,,6182,,5761,,5698,
Yellowfin tuna in the East Pacific,Asia,Purse seines,0,-,0,-,0,-,0,-,0,-,0,-,0,-,0,-,0,-,0,-,0,-,0,-,0,-,0,-,0,-,0,-,0,-,0,-,0,-,0,-,0,-,563,,1298,,0,-,0,-,0,-,0,-,0,-,0,-,0,-,0,-,0,-,0,-,0,-,0,-,0,-,0,-,0,-,0,-,0,-,0,-,0,-,0,-,0,-,0,-,0,-,0,-,0,-,0,-,0,-,0,-,0,-,0,-,0,-,0,-,0,-,0,-,0,-,0,-,0,-,0,-
Yellowfin tuna in the East Pacific,Europe,Longlines (nei),0,-,0,-,0,-,0,-,0,-,0,-,0,-,0,-,0,-,0,-,0,-,0,-,0,-,0,-,0,-,0,-,0,-,0,-,0,-,0,-,0,-,0,-,0,-,0,-,0,-,0,-,0,-,0,-,0,-,0,-,0,-,0,-,0,-,0,-,0,-,0,-,0,-,0,-,0,-,0,-,0,-,0,-,0,-,0,-,0,-,0,-,0,-,0,-,0,-,0,-,0,-,0,-,0,-,0,-,0,-,0,-,0,-,0,-,0,-,0,-,24,
Yellowfin tuna in the East Pacific,Europe,Purse seines,0,-,0,-,0,-,0,-,0,-,0,-,0,-,0,-,0,-,0,-,0,-,0,-,0,-,0,-,0,-,0,-,0,-,0,-,0,-,0,-,0,-,695,,3449,,8624,,6231,,7041,,6338,,5118,,5253,,8650,,6311,,6651,,934,,0,-,0,-,0,-,0,-,0,-,0,-,0,-,0,-,0,-,0,-,0,-,0,-,0,-,0,-,0,-,5449,,8322,,10318,,18448,,16990,,12281,,13622,,11947,,8409,,2631,,3023,,7864,,2820,
Yellowfin tuna in the East Pacific,Oceania,Gear not known,0,-,0,-,0,-,0,-,0,-,0,-,0,-,0,-,0,-,0,-,0,-,0,-,0,-,0,-,0,-,0,-,0,-,0,-,0,-,0,-,0,-,0,-,0,-,0,-,0,-,0,-,0,-,0,-,0,-,0,-,0,-,0,-,0,-,0,-,0,-,0,-,0,-,0,-,0,-,0,-,0,-,0,-,0,-,0,-,0,-,0,-,0,-,0,-,0,-,0,-,0,-,0,-,0,-,0,-,0,-,0,-,434,,406,,316,,351,,407,
Yellowfin tuna in the East Pacific,Oceania,Longlines (nei),0,-,0,-,0,-,0,-,0,-,0,-,0,-,0,-,0,-,0,-,0,-,0,-,0,-,0,-,0,-,0,-,0,-,0,-,0,-,0,-,0,-,0,-,0,-,0,-,0,-,0,-,0,-,0,-,0,-,0,-,0,-,0,-,0,-,0,-,0,-,0,-,0,-,0,-,0,-,0,-,0,-,0,-,57,,39,,214,,198,,253,,307,,388,,206,,1057,,859,,568,,1161,,938,,530,,537,,408,,335,,590,,301,
Yellowfin tuna in the East Pacific,Oceania,Purse seines,0,-,0,-,0,-,0,-,0,-,0,-,0,-,0,-,0,-,0,-,0,-,0,-,0,-,0,-,0,-,0,-,0,-,0,-,0,-,0,-,0,-,0,-,0,-,0,-,0,-,0,-,0,-,0,-,0,-,0,-,0,-,0,-,0,-,0,-,0,-,0,-,0,-,0,-,0,-,0,-,22208,,29687,,27406,,24936,,25729,,22220,,10549,,20701,,17342,,16476,,8247,,10729,,7502,,9334,,7371,,0,-,0,-,0,-,0,-,0,-,0,-
Yellowfin tuna in the Western and Central Pacific,-,Purse seines,0,-,938,,2565,,1260,,4001,,2944,,724,,1496,,3338,,4316,,1438,,2777,,6975,,2277,,3647,,3752,,5844,,3420,,7006,,3876,,7874,,9265,,10039,,14916,,17356,,13027,,15388,,15444,,13971,,27354,,33201,,47798,,67995,,113568,,122710,,113048,,113726,,130704,,147784,,171365,,194113,,244823,,238736,,195330,,226280,,233584,,171181,,265174,,336179,,288432,,298761,,289990,,329719,,357030,,280304,,430757,,363609,,381514,,499133,,366457,,382521,
Yellowfin tuna in the Western and Central Pacific,Africa,Longlines (nei),0,-,0,-,0,-,0,-,0,-,0,-,0,-,0,-,0,-,0,-,0,-,0,-,0,-,0,-,0,-,0,-,0,-,0,-,0,-,0,-,0,-,0,-,0,-,0,-,0,-,0,-,0,-,0,-,0,-,0,-,0,-,0,-,0,-,0,-,0,-,0,-,0,-,0,-,0,-,0,-,0,-,0,-,0,-,0,-,0,-,0,-,0,-,0,-,0,-,0,-,0,-,0,-,0,-,0,-,0,-,6,,3,,4,,0,-,0,-,0,-
Yellowfin tuna in the Western and Central Pacific,Americas,Gear not known,0,-,0,-,0,-,0,-,0,-,0,-,0,-,0,-,0,-,0,-,0,-,0,-,0,-,0,-,0,-,0,-,0,-,0,-,0,-,0,-,0,-,0,-,0,-,0,-,0,-,0,-,0,-,0,-,0,-,0,-,0,-,0,-,0,-,0,-,0,-,0,-,0,-,0,-,0,-,0,-,0,-,0,-,0,-,0,-,0,-,0,-,0,-,0,-,0,-,0,-,0,-,0,-,0,-,362,,379,,321,,209,,254,,227,,317,,237,
Yellowfin tuna in the Western and Central Pacific,Americas,Longlines (nei),269,,296,,322,,213,,191,,201,,96,,101,,115,,175,,137,,152,,110,,118,,133,,153,,159,,141,,99,,106,,251,,191,,160,,98,,130,,102,,111,,176,,172,,145,,536,,673,,708,,361,,330,,300,,269,,261,,596,,988,,1103,,777,,377,,637,,624,,1195,,1093,,1426,,1083,,751,,1401,,2161,,1777,,2249,,1790,,1522,,1556,,1746,,1298,,948,,959,
Yellowfin tuna in the Western and Central Pacific,Americas,Mechanized lines and pole-and-lines,0,-,0,-,0,-,0,-,0,-,0,-,0,-,0,-,0,-,0,-,0,-,0,-,0,-,0,-,0,-,0,-,0,-,0,-,0,-,0,-,18,,22,,25,,14,,23,,25,,43,,21,,62,,49,,91,,89,,106,,55,,54,,103,,114,,78,,76,,10,,17,,20,,16,,4,,9,,16,,1,,0,-,1,,10,,1,,2,,2,,33,,17,,68,,3,,23,,23,,17,,0,-
Yellowfin tuna in the Western and Central Pacific,Americas,Trolling lines,0,-,0,-,0,-,0,-,0,-,0,-,0,-,0,-,0,-,0,-,0,-,0,-,0,-,0,-,0,-,0,-,0,-,0,-,0,-,0,-,0,-,0,-,0,-,0,-,0,-,0,-,0,-,0,-,0,-,0,-,9,,16,,54,,48,,67,,66,,56,,35,,67,,47,,48,,38,,83,,37,,60,,1266,,1131,,975,,1056,,1344,,1044,,835,,605,,376,,370,,361,,299,,505,,453,,471,,413,
Yellowfin tuna in the Western and Central Pacific,Asia,Gear not known,8919,,9395,,9901,,10440,,11013,,11624,,12274,,12967,,13705,,14495,,15337,,16236,,17197,,18223,,20186,,20956,,23409,,26303,,26085,,26612,,30933,,32894,,37506,,43828,,49440,,51028,,42766,,58070,,39386,,49549,,45886,,52227,,47609,,52008,,55656,,64804,,67253,,58792,,67444,,71930,,80970,,88444,,53359,,49876,,68919,,72549,,77274,,70321,,83307,,87065,,83983,,78110,,84100,,87921,,78618,,73934,,76021,,77999,,68068,,73723,,75319,
Yellowfin tuna in the Western and Central Pacific,Asia,Longlines (nei),12575,,8566,,17131,,22926,,22471,,22599,,25240,,41810,,43306,,43790,,54883,,53014,,55437,,53067,,45114,,45340,,61495,,35942,,45971,,51521,,55555,,57575,,61015,,62102,,57986,,69360,,77313,,94040,,109950,,108405,,121775,,93846,,83893,,85326,,72410,,75628,,64535,,74853,,87368,,66686,,71347,,56813,,70213,,63370,,71193,,74864,,70664,,62763,,59953,,51960,,62281,,60594,,61871,,64137,,62087,,61305,,55608,,51645,,50643,,68834,,69673,
Yellowfin tuna in the Western and Central Pacific,Asia,Mechanized lines and pole-and-lines,799,,900,,2595,,5228,,4268,,3983,,4399,,1669,,2934,,4119,,1872,,3259,,4225,,2071,,4933,,3261,,2121,,3073,,2689,,5033,,4513,,4963,,5802,,6292,,4660,,5705,,8020,,10542,,8826,,7951,,8380,,11017,,11498,,11239,,11103,,15537,,10786,,10862,,10826,,12816,,11171,,11246,,13000,,9453,,10585,,11724,,13227,,10873,,11769,,12664,,17922,,14059,,12747,,10455,,11327,,14647,,13168,,12799,,11082,,11096,,10209,
Yellowfin tuna in the Western and Central Pacific,Asia,Trolling lines,0,-,0,-,0,-,0,-,0,-,0,-,0,-,0,-,0,-,0,-,0,-,0,-,0,-,0,-,0,-,0,-,0,-,0,-,0,-,0,-,0,-,0,-,0,-,0,-,0,-,0,-,0,-,0,-,0,-,0,-,0,-,0,-,0,-,0,-,0,-,0,-,0,-,0,-,0,-,0,-,0,-,0,-,0,-,0,-,0,-,1263,,1464,,1822,,1709,,1777,,2258,,2840,,2524,,2683,,2294,,2094,,2262,,2297,,2436,,2534,,2534,
Yellowfin tuna in the Western and Central Pacific,Europe,Longlines (nei),0,-,0,-,0,-,0,-,0,-,0,-,0,-,0,-,0,-,0,-,0,-,0,-,0,-,0,-,0,-,0,-,0,-,0,-,0,-,0,-,0,-,0,-,0,-,0,-,0,-,0,-,0,-,0,-,0,-,0,-,0,-,0,-,0,-,0,-,0,-,0,-,0,-,0,-,0,-,0,-,0,-,0,-,0,-,0,-,0,-,0,-,0,-,0,-,0,-,0,-,0,-,0,-,0,-,0,-,23,,1,,127,,127,,10,,7,,2,
Yellowfin tuna in the Western and Central Pacific,Oceania,Gear not known,0,-,0,-,0,-,0,-,0,-,0,-,0,-,0,-,0,-,0,-,0,-,0,-,0,-,0,-,0,-,0,-,0,-,0,-,0,-,0,-,0,-,0,-,0,-,0,-,1,,1,,0,-,0,-,15,,16,,1863,,1838,,1814,,1813,,1814,,1813,,1819,,1819,,1817,,1821,,1918,,1933,,1889,,1892,,1930,,1952,,1972,,1913,,2004,,1187,,4251,,524,,2359,,1337,,1569,,1414,,1543,,4719,,4740,,4929,,4974,
Yellowfin tuna in the Western and Central Pacific,Oceania,Longlines (nei),0,-,0,-,0,-,0,-,0,-,0,-,0,-,0,-,0,-,0,-,0,-,0,-,0,-,0,-,0,-,0,-,0,-,0,-,0,-,0,-,0,-,0,-,0,-,91,,0,-,0,-,146,,198,,207,,493,,564,,146,,387,,500,,296,,337,,215,,1698,,1436,,1234,,1467,,1634,,1918,,2237,,2962,,4348,,5925,,6892,,6414,,5934,,9078,,9705,,10424,,11934,,13663,,7893,,9171,,8078,,9382,,9826,,11851,
Yellowfin tuna in the Western and Central Pacific,Oceania,Mechanized lines and pole-and-lines,0,-,0,-,0,-,0,-,0,-,0,-,0,-,0,-,0,-,0,-,0,-,0,-,0,-,0,-,141,,173,,71,,52,,17,,133,,75,,263,,1638,,1152,,1899,,2071,,9123,,4694,,3879,,3638,,4697,,8164,,2231,,1972,,2401,,2516,,2174,,2303,,2531,,2343,,1915,,1655,,2209,,3241,,3149,,3323,,2251,,1489,,1340,,1143,,256,,281,,548,,790,,443,,686,,904,,517,,316,,87,,53,
Yellowfin tuna in the Western and Central Pacific,Oceania,Trolling lines,0,-,0,-,0,-,0,-,0,-,0,-,0,-,0,-,0,-,0,-,0,-,0,-,0,-,0,-,0,-,0,-,0,-,0,-,0,-,0,-,0,-,0,-,0,-,0,-,0,-,0,-,0,-,0,-,0,-,0,-,0,-,0,-,0,-,3,,0,-,3,,6,,13,,9,,26,,20,,13,,15,,104,,41,,41,,41,,41,,41,,41,,41,,41,,43,,42,,42,,53,,46,,52,,14,,19,,16,
